bonus_id,player_id,bonus_type,bonus_amount,issued_date,redeemed_date
8b054846-c29c-4252-a63b-e5b74352b9db,6.0,match_deposit,27.85,2025-07-31 08:37:41.282912,2025-08-06 08:37:41.282912
7090ad56-a8e6-4b14-9c83-bbd8b922c6cd,7.0,free_spin,148.63,2025-06-14 14:38:18.322252,
d487effd-5a8b-42ca-81d4-29770c5df978,8.0,match_deposit,113.23,2025-06-07 12:17:34.779655,
725c4d12-0ba8-4c03-8382-508fc24e51bd,16.0,match_deposit,116.8,2025-05-22 19:18:47.732412,2025-05-24 19:18:47.732412
f410d6c3-3078-4c6a-8f33-7cb1dfb81382,20.0,match_deposit,24.91,2025-07-03 10:45:06.828005,
1f507ff9-f706-46d1-8255-135c6866786e,34.0,cashback,5.81,2025-08-16 05:27:44.122239,2025-08-23 05:27:44.122239
f817718e-c176-49c8-8934-a455c87aee09,45.0,free_spin,51.06,2025-06-15 03:23:07.065909,
78f47bdb-a30c-4b80-b29e-c9751570960e,45.0,marketing_offer,0.0,2025-06-18 03:23:07.065909,
a86e373d-8cc1-4135-8d36-49c8220696ca,52.0,free_spin,,2025-09-20 06:55:25.921154,2025-09-20 06:55:25.921154
31a8d945-cf2d-4165-93c9-e4bc3abf4836,60.0,cashback,121.52,2025-07-20 01:34:51.514524,2025-07-23 01:34:51.514524
cb09effc-3484-4ba2-a801-bbb76f74ca5a,61.0,no_deposit,17.98,2025-06-09 16:00:00.843851,
7f50a433-d90e-4eab-b3b2-53d25c89181e,73.0,no_deposit,144.44,2025-07-22 05:24:00.275729,2025-08-01 05:24:00.275729
90fc269e-2f3f-4497-a08c-71132ac91e2f,91.0,cashback,,2025-05-10 12:46:06.313743,
8ee63418-b2f7-451e-878c-ceaa67bc106e,95.0,cashback,106.6,2025-08-29 00:32:16.030584,2025-09-01 00:32:16.030584
e1b89a06-b62c-4dc2-bb17-ad7c34945050,96.0,cashback,59.08,2025-05-09 17:34:35.767340,
85c482ad-390d-4a45-9f3f-bccac016f0d8,108.0,match_deposit,58.4,2025-09-14 19:24:57.364430,2025-09-19 19:24:57.364430
e9ca6db7-fb06-4549-9acd-4a06d134674d,117.0,match_deposit,78.3,2025-06-12 07:06:33.247623,2025-06-20 07:06:33.247623
435de8c5-cce1-40be-a63f-86238f686eca,123.0,match_deposit,80.67,2025-06-11 13:38:32.793333,2025-06-20 13:38:32.793333
9408ef73-1238-487c-8602-24f0fd567f85,128.0,no_deposit,140.27,2025-10-16 01:57:37.037932,
15b827c0-252c-4e81-82a1-5b5eb86ee26b,156.0,match_deposit,77.72,2025-06-23 18:27:01.885314,2025-06-30 18:27:01.885314
71ed7839-bc65-4b76-856e-ed2aae9debbc,166.0,no_deposit,131.73,2025-07-22 20:37:45.874788,
14cade3a-8900-476d-9741-b1fd27285a0b,173.0,free_spin,108.72,2025-05-01 00:55:36.715645,
32017daf-c987-46ec-b3cf-2e8f5d9e0163,176.0,match_deposit,34.58,2025-10-06 14:38:36.504105,2025-10-15 14:38:36.504105
394ed6dc-a07b-4b5d-bea3-461746feb834,180.0,match_deposit,130.4,2025-04-29 05:31:20.788471,2025-05-04 05:31:20.788471
7b0a99af-4b1e-4dbf-80d5-7dd14eb168d2,188.0,free_spin,97.17,2025-07-27 22:56:18.873039,
9801be91-3fe5-4291-b252-8aabe5f415d9,190.0,free_spin,56.04,2025-05-17 01:25:26.286172,2025-05-20 01:25:26.286172
9de91fd2-bbea-4043-9ff6-a348a7764330,204.0,no_deposit,85.94,2025-05-23 08:58:46.107407,
fb0e6bea-6888-470c-affa-84e34ae46c52,207.0,no_deposit,70.39,2025-08-19 17:55:56.512648,
108eaaec-1425-4159-a080-6f251378ffdb,208.0,no_deposit,127.3,2025-10-08 11:50:50.772971,2025-10-18 11:50:50.772971
209a5df7-ef79-4062-863e-490dfea14737,211.0,free_spin,49.17,2025-05-18 21:59:01.463071,
909fbaf7-c14f-48bf-b05f-5a03fcd05903,215.0,free_spin,142.94,2025-07-28 03:29:09.752339,
5a287b2f-cabb-48f4-ac84-710268e3c259,217.0,free_spin,124.21,2025-06-08 03:13:32.000085,
be645a3b-ca74-4f5d-bc4b-307652fe0ff5,227.0,cashback,31.06,2025-10-17 03:18:03.873049,
24ebbc32-6888-4997-a44b-3f6de54301ef,228.0,no_deposit,206.65,2025-09-11 10:03:01.208382,2025-09-17 10:03:01.208382
6b843af1-31fa-47be-9bbd-05291f449b43,228.0,marketing_offer,0.0,2025-09-13 10:03:01.208382,
02c35a05-289f-4fe5-b44c-943d6cac423b,233.0,match_deposit,110.31,2025-05-31 18:50:37.345950,2025-05-31 18:50:37.345950
1e3a5691-5423-4d37-b77b-d16dec8f27d0,241.0,free_spin,162.14,2025-07-04 07:26:10.644771,2025-07-05 07:26:10.644771
dc80b30f-ad67-4e8b-be41-66f2845966c5,269.0,free_spin,10.32,2025-05-01 17:15:19.466642,
43492148-c50f-4bc7-85f4-3b508d220f6f,272.0,no_deposit,120.23,2025-10-15 01:26:52.549439,
8247a6f7-4686-459a-9913-cccf6314f0c8,281.0,cashback,106.93,2025-09-23 13:58:33.517259,2025-09-28 13:58:33.517259
b296cf67-29a7-4a1c-bba6-7f976e05ded3,307.0,free_spin,85.78,2025-08-18 19:32:14.021255,2025-08-21 19:32:14.021255
d283e034-2a30-4ebf-9515-cd3384a59abf,310.0,cashback,1.89,2025-06-25 07:59:38.254198,2025-07-05 07:59:38.254198
aab90f28-63bb-45ce-8aa1-4bab46b6e316,338.0,no_deposit,73.74,2025-08-07 11:58:28.898410,
d01c9d50-c152-464a-a434-7e0042658f0e,360.0,match_deposit,81.84,2025-06-06 04:32:51.589842,2025-06-11 04:32:51.589842
8f0a3766-ab67-4c82-b346-25b31987f8ec,364.0,no_deposit,185.91,2025-06-15 16:08:33.331868,2025-06-22 16:08:33.331868
e9af2d90-c829-4112-a11a-31eec094de74,374.0,no_deposit,46.82,2025-10-12 15:02:30.314138,2025-10-12 15:02:30.314138
c9217e67-6595-462e-9161-c87d93e17351,379.0,free_spin,32.95,2025-08-13 00:42:32.919450,2025-08-17 00:42:32.919450
1fb6a12a-6d36-4b03-8b75-e0cb42279153,397.0,free_spin,102.85,2025-06-02 17:13:58.338696,
cc55c839-5ca8-47a6-8f56-f1b9bcd0782f,416.0,no_deposit,99.0,2025-05-17 19:18:44.630139,
e4f59031-9c3c-49fe-be35-1df4bda02fd7,421.0,cashback,31.06,2025-05-30 08:46:19.701537,2025-06-09 08:46:19.701537
1d13c53d-8efa-40ed-83c7-60a9c5ab5f5e,424.0,match_deposit,110.63,2025-10-17 03:35:07.255773,2025-10-21 03:35:07.255773
a150033f-67a0-4826-8a50-c37f1474ce0f,439.0,cashback,171.25,2025-06-06 08:46:02.926260,2025-06-16 08:46:02.926260
f9772052-0ad8-4866-a6a0-3909f1b408be,461.0,match_deposit,105.18,,2025-08-28 19:25:42.360784
661e50b9-25b3-4deb-9852-a256daeedeeb,474.0,match_deposit,140.32,2025-10-12 10:28:08.017266,
552b0dd7-d58e-4354-94d2-d993160e27e8,481.0,cashback,172.39,2025-09-22 11:15:10.473985,2025-09-30 11:15:10.473985
c4d2f69b-8098-4264-a66a-e600b8c32dae,485.0,free_spin,66.91,2025-09-30 07:36:13.952906,2025-10-09 07:36:13.952906
f66db835-b0bb-4fb3-8a0d-f1a1b3e5e163,495.0,match_deposit,111.76,2025-08-10 16:14:58.260343,2025-08-17 16:14:58.260343
a26d2972-2ad3-4996-a06c-c99a14940cbc,507.0,free_spin,56.13,2025-06-03 02:37:39.775523,
d04f2182-b538-4965-a737-af0ff65bad41,516.0,cashback,134.54,2025-10-23 05:24:52.636516,2025-10-28 05:24:52.636516
0004cc8e-e992-48e7-b51c-838f76ebf5f0,528.0,no_deposit,151.85,2025-07-22 21:29:08.696032,2025-07-22 21:29:08.696032
b4c8682c-0f46-4d56-8136-b74baea92579,531.0,cashback,86.59,2025-09-30 08:35:31.692931,2025-10-07 08:35:31.692931
3d8beb17-daa5-419f-af9b-02aeaa553106,563.0,no_deposit,19.93,2025-09-05 19:03:59.009663,
3f7b5fae-fa17-49e6-a623-8fe08ec52dd3,565.0,free_spin,55.14,2025-05-30 19:34:59.968844,2025-06-01 19:34:59.968844
c2472495-e533-4384-8be6-49f438181a44,570.0,match_deposit,56.85,2025-07-26 05:57:56.885184,2025-08-04 05:57:56.885184
07443bab-d6a3-424e-bbbe-f28526c81e3c,573.0,free_spin,46.3,2025-09-28 01:12:07.216830,2025-10-03 01:12:07.216830
472629b3-3c7c-4722-a64d-deda993a4a11,578.0,free_spin,146.34,2025-06-11 04:12:24.014980,2025-06-12 04:12:24.014980
b7ed0c13-0dd5-4a84-9a4a-a43cd56b4e0e,594.0,free_spin,97.25,,2025-05-03 17:12:34.041862
d745846d-924d-4b54-bc19-3497b75f05d1,594.0,marketing_offer,0.0,2025-05-03 17:12:34.041862,
2c09b8a5-a404-4e9e-ba37-a85450f60764,601.0,no_deposit,36.33,2025-05-05 15:11:50.574136,2025-05-06 15:11:50.574136
66b36e39-6694-47b8-8e99-5a2b0f7f7f61,601.0,marketing_offer,0.0,2025-05-11 15:11:50.574136,
b608a2c1-e0b7-4991-a611-50819fdd20c3,614.0,no_deposit,131.12,2025-05-24 17:01:19.855898,2025-06-01 17:01:19.855898
ca18202c-e83d-4666-88b9-d1cd6c127faa,651.0,match_deposit,63.53,2025-08-19 07:33:34.628744,2025-08-27 07:33:34.628744
8b03c5db-7ac5-42c2-9048-140b2aa06e5b,665.0,match_deposit,128.82,2025-05-06 21:18:16.894123,2025-05-16 21:18:16.894123
af6ff66a-f62a-4a64-9b14-a893c2e376ed,665.0,marketing_offer,0.0,2025-05-10 21:18:16.894123,
fc292949-8a66-4fee-91c1-b053ab602b7d,689.0,match_deposit,62.75,2025-09-21 05:54:27.133689,2025-09-23 05:54:27.133689
209b46df-e35b-4a5c-908e-f4914afe34c9,702.0,free_spin,193.64,2025-07-15 22:21:21.483695,2025-07-24 22:21:21.483695
f6e6ce0c-ea17-42f7-b1e1-ec59e9081a23,710.0,free_spin,176.95,2025-08-21 09:31:12.846208,2025-08-25 09:31:12.846208
8eab34ee-64b7-4e17-bc2f-534e52577755,715.0,free_spin,34.9,2025-10-10 01:52:54.628928,2025-10-20 01:52:54.628928
9ce9bf92-599f-43f7-8267-8d9cf194a52b,716.0,match_deposit,58.25,2025-07-22 20:19:01.676236,2025-07-25 20:19:01.676236
b54076d4-eb6f-4944-ae26-9b6de72cc2b0,719.0,match_deposit,124.67,2025-09-16 13:30:59.280743,2025-09-18 13:30:59.280743
48a803e7-db6b-46d8-a892-b1b75d196095,740.0,match_deposit,10.69,2025-04-29 01:30:22.091224,2025-05-05 01:30:22.091224
b784bfd2-9147-4291-84a0-c0f570426524,749.0,no_deposit,97.06,2025-09-07 01:46:34.041139,2025-09-10 01:46:34.041139
3aeafeb8-8255-405c-9d0a-649119400f88,762.0,cashback,37.36,2025-07-02 01:19:53.599490,
f3dccdbf-438d-48fc-82f9-332130773862,764.0,no_deposit,105.48,2025-09-25 04:27:14.193297,2025-09-29 04:27:14.193297
2ce1d1f7-5410-4521-8559-89edd8cb74cf,811.0,free_spin,103.77,2025-07-22 10:50:17.760612,2025-07-30 10:50:17.760612
bba0f9fa-630a-4676-ae24-1c39222689e1,817.0,match_deposit,133.14,2025-07-03 17:29:27.251310,2025-07-13 17:29:27.251310
49e1b2aa-0d68-408f-9237-c31ff6142c81,820.0,match_deposit,71.47,2025-09-22 07:23:53.874127,2025-09-27 07:23:53.874127
4ace5170-2de1-4e8c-922d-79d7d7984534,822.0,match_deposit,116.89,2025-09-08 10:37:06.216433,2025-09-18 10:37:06.216433
70e61e0d-0c6b-4f23-b42a-de4d3f9721e8,823.0,cashback,16.99,2025-06-04 11:11:25.287440,2025-06-06 11:11:25.287440
fcc688ca-dd59-4413-8fbb-8c81d957f30b,825.0,no_deposit,161.12,2025-05-24 03:35:47.131222,
343c96ce-9dda-486f-a39f-fe480d9100ad,839.0,no_deposit,61.27,2025-10-19 20:14:52.668453,2025-10-28 20:14:52.668453
339864b8-f800-42ed-915e-34ebf6407a7e,840.0,free_spin,92.59,2025-08-03 16:00:11.926211,2025-08-06 16:00:11.926211
b23e1609-32c2-4f62-8b76-9b1c4dbfeb4c,850.0,free_spin,100.62,2025-10-05 13:08:48.780129,2025-10-13 13:08:48.780129
c427ec1a-eaff-45ec-929f-15aa36e548ff,873.0,no_deposit,147.05,2025-07-10 12:15:05.061422,2025-07-18 12:15:05.061422
2492c2fe-99ca-4a9d-b6c0-a0cffd4cc213,879.0,no_deposit,75.24,2025-06-09 13:34:38.908840,2025-06-10 13:34:38.908840
2afc46a8-c30f-4afe-bb8b-1bdc2eab5cdf,903.0,cashback,153.47,2025-07-24 20:07:17.446898,2025-08-03 20:07:17.446898
2c911217-07a9-4903-9ae2-473a8e9523bc,919.0,match_deposit,146.34,2025-10-18 15:45:02.450715,
5559479d-1b77-4720-9b47-9abdd64a4852,924.0,no_deposit,54.75,2025-04-27 09:30:56.860568,
2a4b3289-6b96-4262-99bb-c4510552bf6c,941.0,cashback,88.18,2025-05-11 22:53:56.149369,2025-05-11 22:53:56.149369
d317af96-1683-4df9-9c0a-b42446796cd4,947.0,match_deposit,11.69,2025-05-30 17:28:27.786885,2025-05-30 17:28:27.786885
b483f5d3-3353-46e2-b71f-319e9afd9661,956.0,no_deposit,29.26,2025-05-16 19:36:13.090759,2025-05-23 19:36:13.090759
41709efe-0517-4eb3-9a9f-a71fea7c57e7,960.0,match_deposit,40.07,2025-08-06 02:57:17.600215,
d95bfd66-0791-4540-ba4c-b3dcb1199030,973.0,free_spin,144.6,2025-06-28 17:06:19.858246,2025-07-04 17:06:19.858246
31f5fad8-ceee-4e8d-9a82-0d1c83aa9857,975.0,free_spin,19.66,2025-10-01 04:17:24.069747,2025-10-02 04:17:24.069747
26f6a668-0d5e-4307-b82d-0011fb80df33,985.0,match_deposit,163.23,2025-09-24 18:33:47.968479,2025-10-04 18:33:47.968479
8d363b53-ab7c-4d04-b361-055e09f985d7,987.0,free_spin,29.08,2025-06-11 07:34:42.878827,
42353c8f-af58-42a8-87b1-0042bfcdab6e,1005.0,cashback,17.23,2025-07-26 05:12:13.238466,2025-07-26 05:12:13.238466
8e81d48c-686c-4ca6-a4e6-47f5992ecd1a,1013.0,no_deposit,2.35,2025-08-07 09:23:56.613614,2025-08-17 09:23:56.613614
fb6cd161-e16b-4737-8f9b-eed1610c758b,1017.0,free_spin,80.05,2025-08-04 00:08:47.764610,2025-08-13 00:08:47.764610
f6570764-e52c-4ba2-bb9b-f5dbf36e1c70,1037.0,no_deposit,159.97,2025-09-08 02:05:32.222551,
2705d51e-769e-440f-a70f-29ea47a256a4,1042.0,no_deposit,16.19,2025-06-30 17:45:39.576921,2025-07-08 17:45:39.576921
c87422f4-4347-466a-8e4c-90ede6933edb,1046.0,no_deposit,149.57,2025-09-29 14:44:01.086763,
eb636fe3-2f6f-4672-a1ba-24bad212a8ab,1051.0,free_spin,91.12,2025-10-23 00:46:59.106987,2025-10-31 00:46:59.106987
13ad12b5-3fde-4aff-a632-cd9febd0117b,1056.0,free_spin,70.88,2025-08-27 09:27:23.843029,
9ea4c553-c28d-4f01-a371-652f84e6d6f8,1061.0,free_spin,76.88,2025-10-17 13:19:48.296219,2025-10-20 13:19:48.296219
4021a138-4659-49cf-8739-e8637e27e869,1065.0,cashback,131.83,2025-09-14 17:10:24.087336,2025-09-24 17:10:24.087336
1465a571-f968-4853-955f-fe6619e74ead,1079.0,no_deposit,18.66,2025-06-04 23:38:17.706464,2025-06-14 23:38:17.706464
3dfd89aa-6c23-46d1-967a-01da8af494e5,1079.0,marketing_offer,0.0,,
1d3a0e7a-44a8-45d6-868d-a6f58184462e,1083.0,no_deposit,153.07,2025-06-16 04:36:03.589699,2025-06-24 04:36:03.589699
e17e9a31-7708-4f54-ac95-a34c9c02f04a,1086.0,no_deposit,125.08,2025-07-23 16:45:14.815830,2025-08-01 16:45:14.815830
4e817d90-ac6b-40f4-ba72-b6b3c77c9085,1098.0,match_deposit,48.29,2025-06-08 23:31:00.920831,2025-06-10 23:31:00.920831
e102678d-5587-4c54-9eeb-08611e0f38c2,1115.0,match_deposit,77.92,2025-08-09 14:58:06.481329,2025-08-09 14:58:06.481329
14b9e326-bd2e-4e96-abfe-3f47278065eb,1124.0,free_spin,112.82,2025-06-05 19:05:05.198771,
54247ca0-aac8-401c-8f11-49715f4ec5d8,1125.0,no_deposit,84.75,2025-09-24 19:59:40.897566,
c144c6e9-40c9-454f-9c7d-291eef5a8ee6,1126.0,free_spin,56.38,2025-06-20 01:31:44.440810,2025-06-26 01:31:44.440810
0d178d43-7064-481f-b981-7e16caba97c4,1132.0,cashback,32.57,2025-09-05 08:05:25.797324,
,1149.0,cashback,7.98,2025-09-28 14:15:14.111068,
fa86f31b-3050-40e6-b6b5-82c5ea4571b6,1149.0,marketing_offer,0.0,2025-09-29 14:15:14.111068,
f85d33b5-25f5-41f6-a450-84a7148d8add,1151.0,free_spin,147.23,2025-09-02 06:19:29.314954,2025-09-12 06:19:29.314954
be98cde2-ea58-48ea-bbb1-6c4140dd0ff0,1152.0,free_spin,122.66,2025-04-30 09:52:23.331954,
ed611d5f-6e80-459d-a185-bc1820da2bfb,1181.0,cashback,59.63,2025-06-17 04:17:39.502052,2025-06-24 04:17:39.502052
f8d7b8f2-2425-44e3-8f22-57b1eedcaaff,1181.0,marketing_offer,0.0,2025-06-18 04:17:39.502052,
dd512f45-cacb-4c41-ab70-09d6292871b9,1197.0,match_deposit,91.15,2025-10-05 15:39:31.269004,2025-10-05 15:39:31.269004
0e872379-76e7-401f-bfd4-1d40bd8b6340,1228.0,no_deposit,154.19,2025-06-02 11:05:04.667711,2025-06-06 11:05:04.667711
90e00b11-5c2c-466f-a3f0-37bddb09b9b7,1262.0,no_deposit,43.62,2025-09-15 21:30:34.587818,2025-09-18 21:30:34.587818
cb4f07d1-b578-4c53-b714-605c85150944,1267.0,no_deposit,94.07,2025-08-20 11:39:05.710863,2025-08-21 11:39:05.710863
7b8ffbde-dc09-4161-a4f6-9b8fbe79befa,1273.0,cashback,32.82,2025-07-03 20:40:02.969581,2025-07-04 20:40:02.969581
7b041037-19e3-4c1a-843b-47ada92c1bd3,1275.0,free_spin,28.95,2025-08-17 04:06:24.641891,2025-08-20 04:06:24.641891
c5c3b229-ea7e-4715-8e0a-a6d82335d2b8,1293.0,match_deposit,106.93,2025-08-18 19:27:15.547788,2025-08-23 19:27:15.547788
06ad4cf3-9fd1-4a62-9f1d-746ed0e1c3dc,1313.0,free_spin,141.96,2025-08-04 18:32:39.385348,2025-08-07 18:32:39.385348
5f54657c-368f-4b1b-addd-fb1a3b0d3a18,1324.0,match_deposit,174.95,2025-08-05 14:59:47.280767,
fd246316-da2f-470d-a8c8-fee15760ab7f,1329.0,no_deposit,91.88,2025-07-28 11:18:32.957374,
d5cdf345-81eb-41dd-adb6-47a83cbea1d1,1349.0,free_spin,13.98,2025-07-13 15:21:02.251594,
c3236de0-da5f-409c-8718-240f01c3fc24,1371.0,free_spin,81.85,2025-07-25 11:58:59.315251,2025-08-03 11:58:59.315251
88641474-9df0-4353-aedc-e4115a6dfe14,1374.0,no_deposit,114.27,2025-09-23 10:36:10.360248,2025-09-26 10:36:10.360248
4d6a0cd1-48f4-4012-b39a-e905318d5514,1379.0,no_deposit,55.71,2025-06-04 02:22:38.566777,2025-06-11 02:22:38.566777
8f1304de-b03c-4057-a4b4-8cf7f9371c99,1393.0,match_deposit,27.51,2025-05-26 23:13:47.291633,2025-05-31 23:13:47.291633
e550570b-55f6-43bc-b025-7111cebc8e47,1396.0,cashback,126.95,2025-09-24 03:15:52.473190,2025-10-01 03:15:52.473190
1a307459-8ac2-4508-8691-de72540d3577,1401.0,no_deposit,11.2,2025-09-01 05:10:35.461134,2025-09-01 05:10:35.461134
9e2fbea0-3667-471d-80c9-adbaf5a9d961,,cashback,86.65,2025-07-14 15:30:44.941302,2025-07-23 15:30:44.941302
816e7e64-00b9-4b81-8ffe-02d3ee20525b,1412.0,match_deposit,145.79,2025-10-22 08:13:18.029837,
16d5b354-e2b7-4e3b-b1ee-7edb3fdb8624,1430.0,no_deposit,96.74,2025-08-22 04:42:26.446288,2025-08-25 04:42:26.446288
733c147c-f8ad-48b0-93bb-e5d1f7e8da00,1440.0,free_spin,102.14,2025-10-21 13:59:50.729240,
76ec0712-4544-4b22-924d-9acfa7b55538,1443.0,free_spin,114.48,2025-05-10 01:05:46.324000,2025-05-20 01:05:46.324000
2d1b4ace-fe9e-44eb-bf6a-f91e2244e375,1454.0,cashback,223.22,2025-08-12 13:10:03.974988,2025-08-20 13:10:03.974988
a421616b-f7ca-483d-a27f-ab71eac475f5,1462.0,no_deposit,3.97,2025-05-03 00:59:25.676666,
19a23d17-2e56-47b8-9733-948baccc5421,1469.0,no_deposit,76.54,2025-07-29 11:08:09.514865,2025-08-02 11:08:09.514865
56d61830-a368-4e4c-8a6c-23844799442f,1475.0,free_spin,193.62,2025-09-16 04:20:11.698661,
383f5bc3-af22-4e23-951a-fbcd18b798c0,1483.0,match_deposit,66.0,2025-08-10 20:02:49.355110,2025-08-19 20:02:49.355110
37c9114a-3a9f-43f3-8680-449aa6887681,1485.0,no_deposit,45.84,2025-09-30 06:52:38.670558,2025-10-06 06:52:38.670558
96f6bed4-9d91-4ef4-b217-a47265d06e2c,1486.0,match_deposit,111.23,2025-06-22 10:18:30.240353,2025-06-30 10:18:30.240353
c74e1d72-8564-41fc-aea8-6bbdd8ccdbf2,1495.0,free_spin,26.0,2025-08-22 03:17:52.945389,2025-08-29 03:17:52.945389
6ea41366-aba2-4fc0-a4d7-92cd9b45b943,1498.0,cashback,72.39,2025-05-16 00:24:38.974887,2025-05-23 00:24:38.974887
57fdd468-f570-4749-9430-5f728a4f10e4,1501.0,free_spin,11.84,2025-10-08 01:38:29.184444,2025-10-14 01:38:29.184444
46f7df18-c4b1-4f38-818e-bcf1fadd8700,1510.0,free_spin,98.25,2025-09-05 19:10:43.099266,2025-09-10 19:10:43.099266
b3f81df5-1e43-4bb5-a4c8-2085926043fe,1514.0,cashback,134.56,2025-05-03 16:51:37.466316,2025-05-05 16:51:37.466316
2b529b17-1261-450e-bdd9-e83d7393b5b4,1533.0,cashback,157.97,2025-09-13 01:45:06.063133,2025-09-19 01:45:06.063133
a1b8d1aa-86bc-4fb8-bb56-5909afb6c52d,1536.0,free_spin,172.87,2025-05-19 12:07:38.022567,2025-05-24 12:07:38.022567
daaa2c7a-32ff-4b84-980e-85214e9b523a,1546.0,free_spin,4.04,2025-10-20 14:49:16.993604,2025-10-28 14:49:16.993604
1707bc1d-d8fa-41b1-9196-c0e2a35a69ac,1550.0,free_spin,122.83,2025-07-20 05:49:50.920974,2025-07-30 05:49:50.920974
b83b678e-3a47-4b28-8dac-b59c1828e451,1559.0,no_deposit,71.33,2025-05-15 05:27:25.924951,
947f690b-095b-4770-8b44-173c83c15ded,1560.0,free_spin,76.52,2025-10-09 16:46:18.237269,
724418fa-d6b9-41ca-88bf-459cac140d70,1583.0,cashback,78.77,2025-08-19 18:19:33.499231,2025-08-21 18:19:33.499231
f728c81f-c217-4566-b69a-5e911f2ed2dd,1595.0,match_deposit,233.13,2025-09-14 01:47:16.286637,2025-09-21 01:47:16.286637
82ba893f-1fef-4efd-b152-da7357374c01,1598.0,free_spin,36.17,2025-05-01 05:23:54.706279,
22fc9d5a-f909-4655-84bd-fab6e4b1fd71,1599.0,no_deposit,45.33,2025-05-02 06:01:17.412872,2025-05-06 06:01:17.412872
0bb1f4db-bc83-4d47-b57f-ff43f81378de,1602.0,free_spin,116.03,2025-08-28 08:53:18.897211,2025-08-30 08:53:18.897211
637d68b1-747a-44ad-91c1-af14f9e3b678,1606.0,no_deposit,256.6,2025-08-28 09:09:44.344940,2025-09-06 09:09:44.344940
e168e9c9-487c-4fbb-8c5d-72b43f25edd9,1612.0,match_deposit,36.82,2025-09-07 20:26:17.189633,2025-09-07 20:26:17.189633
c0a73f12-27e1-4f88-b717-2e56aa6a0d14,1613.0,free_spin,33.34,2025-06-10 04:34:51.299835,2025-06-14 04:34:51.299835
b281f67a-e6b5-4bed-9bdd-7fb76682105d,1613.0,marketing_offer,0.0,2025-06-17 04:34:51.299835,
5235b0cd-998f-4f86-b8fa-90b06b1a06a3,1626.0,cashback,143.36,2025-08-06 12:57:35.983271,
ce113862-8c9f-4c98-b14e-e0be544a231a,1630.0,cashback,16.26,2025-07-11 07:37:59.581934,2025-07-19 07:37:59.581934
b6ceeb7c-5b14-4e5b-a098-71f01e5b112e,1665.0,no_deposit,130.0,2025-08-25 09:22:16.027082,2025-09-04 09:22:16.027082
dc920ad0-162d-40d0-a39d-46c1bc59998f,1670.0,match_deposit,76.29,2025-08-28 13:18:04.635172,2025-09-04 13:18:04.635172
52293321-6693-4edf-890d-5f67030e4baf,1679.0,match_deposit,65.34,2025-08-06 07:56:34.899696,2025-08-15 07:56:34.899696
44651889-b99f-47e2-a546-155f94d5b662,1694.0,no_deposit,163.41,2025-07-18 06:40:43.010968,2025-07-25 06:40:43.010968
65a5d5ce-0d74-4181-b368-85a78b17bc93,1696.0,free_spin,26.17,2025-05-30 10:53:59.399312,
1c0599aa-6176-4555-966c-04bfd2753a2c,1699.0,match_deposit,83.41,2025-10-16 03:34:50.225804,2025-10-20 03:34:50.225804
,1709.0,free_spin,105.45,2025-06-16 04:39:38.061286,
5dd1f1f3-9ef8-48a3-b063-8df4d4ea0c67,1720.0,no_deposit,125.11,2025-10-06 02:19:23.386775,2025-10-13 02:19:23.386775
84d491cf-6bc4-4cc7-aa5d-b05b1d631dac,1727.0,no_deposit,36.42,,2025-07-24 02:30:29.154684
405b06a3-c230-4efe-b2e9-ffccc8fba8d5,1730.0,no_deposit,56.39,2025-08-04 11:17:10.555985,2025-08-06 11:17:10.555985
d72a5771-0deb-41b7-907b-d3150b8a9c63,1730.0,marketing_offer,0.0,2025-08-05 11:17:10.555985,
b84f6582-b743-491c-b48a-eda364a7ab04,1731.0,free_spin,17.59,2025-05-03 18:53:09.285471,2025-05-09 18:53:09.285471
cad51153-2454-4d7c-bdf8-7bacf3bba744,1736.0,free_spin,84.07,2025-07-20 12:21:14.795987,
4f839e3a-a2f6-48fd-a280-57e548e9171e,1748.0,no_deposit,67.52,2025-08-16 00:10:30.674113,2025-08-26 00:10:30.674113
1b3e979d-5cfa-45a3-9f9c-517716e7963f,1758.0,cashback,149.73,2025-09-07 21:34:24.782683,2025-09-17 21:34:24.782683
4e7c8fb6-325b-4521-b203-8dfffd68296a,1769.0,cashback,71.64,2025-07-13 01:07:30.186792,
19721faf-2da9-4135-b7c7-e891a740c325,1783.0,cashback,122.18,2025-09-14 01:58:22.724144,2025-09-18 01:58:22.724144
3836cbe4-23b2-4d40-82c7-7fa6fc81de1f,1789.0,no_deposit,78.27,2025-05-01 04:21:50.238742,2025-05-08 04:21:50.238742
,1796.0,no_deposit,155.97,2025-10-17 19:44:52.591321,2025-10-18 19:44:52.591321
2a31ec4b-a70c-4273-8a44-748af5dfe2af,1844.0,free_spin,98.75,2025-06-20 22:48:46.137432,2025-06-23 22:48:46.137432
f3a39df3-850c-48f7-9b7a-47bb7a5b546c,1847.0,match_deposit,60.37,2025-06-20 20:34:39.524629,2025-06-29 20:34:39.524629
e7742e9a-f802-4cae-a957-9cb0c4e92a3f,1858.0,no_deposit,12.56,2025-05-03 14:38:20.685827,2025-05-04 14:38:20.685827
72df157a-d85e-469a-aa0c-8825aac2df41,1880.0,cashback,15.99,2025-05-13 03:24:17.770370,2025-05-22 03:24:17.770370
692c8606-9280-4565-9404-aaf26028fa1e,,cashback,58.81,2025-09-24 22:10:03.847631,2025-09-28 22:10:03.847631
acef1c70-20e6-4869-add3-5109da808293,1888.0,free_spin,19.09,2025-10-19 18:40:48.734503,2025-10-26 18:40:48.734503
fd447895-3693-4e96-b422-587ffe7e5b13,1904.0,match_deposit,150.81,2025-05-02 11:07:16.277085,2025-05-09 11:07:16.277085
66a0e896-74a6-4ea4-9355-49dede678293,1906.0,cashback,46.72,2025-09-16 19:23:45.680517,2025-09-23 19:23:45.680517
918a8a9e-38b9-4a2d-ab7f-d57d1814697f,1907.0,cashback,50.65,2025-08-13 16:21:54.353677,
f00b5fb0-f39f-4a1f-a3e7-3a9a9f284c5f,1908.0,free_spin,184.19,2025-07-30 11:14:06.660796,2025-08-09 11:14:06.660796
9a58e43c-195d-4e3f-be78-3c0be666d43f,1922.0,no_deposit,155.28,2025-08-23 09:00:04.006752,2025-08-25 09:00:04.006752
e531e989-366a-47f4-898e-1b0912ac9fb9,1932.0,no_deposit,,2025-07-28 02:26:41.364728,2025-08-02 02:26:41.364728
0e25dc02-b527-4d21-a8d3-4fe7bb6fedde,1933.0,free_spin,5.39,2025-09-26 22:42:53.895382,2025-10-03 22:42:53.895382
7abc174a-db9f-4f14-93ba-37319a04055d,1971.0,match_deposit,130.74,2025-10-03 08:58:27.084638,2025-10-13 08:58:27.084638
68f35e28-1d5b-4f34-bb3d-3b561da00707,1979.0,cashback,148.96,2025-10-10 08:18:24.311406,
9bfbc21b-71af-40e6-b590-11072e8d40b6,1981.0,match_deposit,61.23,2025-09-30 01:41:14.421885,2025-10-06 01:41:14.421885
3e9c6140-e135-4578-ae53-f3ff2d778efc,1994.0,cashback,163.77,2025-10-18 15:18:54.029107,2025-10-21 15:18:54.029107
8f196dc3-8643-4af7-9285-df78b58fc8b8,1996.0,match_deposit,8.95,2025-07-13 03:57:52.204330,2025-07-18 03:57:52.204330
a186266e-95f3-4d35-b0b8-dd31860bf66b,2005.0,no_deposit,35.78,2025-06-10 23:32:31.249712,2025-06-17 23:32:31.249712
06b354ff-938f-43ad-a4b8-6865149f3603,2036.0,free_spin,90.83,2025-07-09 23:58:14.764307,
dc6af267-b078-4c60-a7ad-72ae722652d4,2041.0,match_deposit,115.1,2025-07-26 05:19:14.388731,
31ba6ce6-b6a4-41e5-ae9d-98918c0ba0d8,2046.0,free_spin,26.74,2025-05-04 06:12:22.175691,2025-05-05 06:12:22.175691
0b0006ff-d1c1-4d2e-b0e6-a77943e7d885,2047.0,match_deposit,123.32,2025-10-07 23:51:31.423510,2025-10-08 23:51:31.423510
630c00eb-bbab-4907-b0c7-e424820219a1,2052.0,match_deposit,176.42,2025-04-26 23:07:10.167096,
48cc6709-3ef6-46be-9173-c72522e31a16,2063.0,match_deposit,162.55,2025-05-26 22:46:27.293891,2025-06-04 22:46:27.293891
30564f2e-e49d-4f27-a473-155e30505471,2096.0,no_deposit,44.34,2025-10-21 16:42:05.566421,2025-10-24 16:42:05.566421
807adc79-f6e5-4ede-86ea-7882410b8324,2096.0,marketing_offer,0.0,2025-10-23 16:42:05.566421,
6d4317d0-f2b9-4987-8d32-fe30799f41df,2098.0,no_deposit,,2025-07-29 17:24:33.712373,2025-08-07 17:24:33.712373
585b0ad7-8ca4-4a4f-8de3-ebf83d8274a3,2102.0,cashback,46.25,2025-08-23 20:55:06.439224,2025-08-25 20:55:06.439224
aafab700-e37f-4139-b4c3-f0d3764d3e5b,2105.0,cashback,67.22,2025-10-14 05:35:23.753332,2025-10-24 05:35:23.753332
70a75553-5c36-4461-b7f0-abde47fbcd19,2121.0,match_deposit,74.36,2025-06-16 11:08:06.501948,2025-06-25 11:08:06.501948
9d614245-73d9-4654-8b12-67b280f4d41e,2125.0,cashback,2.44,2025-09-01 02:46:24.204243,2025-09-08 02:46:24.204243
47628c8d-7ff8-4fe1-b957-1ae0077e376e,2133.0,no_deposit,94.5,2025-07-16 07:35:12.379340,2025-07-18 07:35:12.379340
821e4f40-e3eb-44db-9b04-647669d9ec0d,2144.0,match_deposit,31.66,2025-06-17 19:49:02.068924,
8a36b227-ae0a-493f-b8dc-25367d39c8a3,2171.0,free_spin,194.54,2025-10-21 19:52:04.795576,
1faa04c5-88db-44d6-a0db-13d3c30e7691,2176.0,no_deposit,161.02,2025-06-23 05:00:27.605422,2025-06-27 05:00:27.605422
,2177.0,match_deposit,,2025-06-02 00:10:03.899229,2025-06-02 00:10:03.899229
0a4f4033-da4b-4bf6-9859-0d25faa55736,2188.0,match_deposit,160.82,2025-04-27 17:59:19.356121,2025-04-28 17:59:19.356121
c1282eca-fa38-4fde-ae24-f6fc99dba375,2201.0,no_deposit,5.45,2025-06-21 04:34:19.649884,
977013d2-0c35-4134-aa23-a3bdc338232e,2217.0,no_deposit,146.07,2025-04-30 12:14:05.585046,2025-05-07 12:14:05.585046
1e5836d8-d3d7-4551-ad1e-d56e2f68054f,2223.0,cashback,125.46,2025-05-13 05:25:01.079550,
cafd1242-b238-4f52-9975-c6a4588fb855,2235.0,cashback,53.42,2025-07-31 01:44:43.198427,2025-08-03 01:44:43.198427
e27d05b0-5aab-42a7-99b1-76aa4daa887a,2242.0,no_deposit,15.79,2025-05-23 13:59:47.646623,
cc7195b7-81a3-49cd-af1e-0de13801e07c,2244.0,cashback,25.76,2025-05-28 16:59:19.509285,2025-06-02 16:59:19.509285
17d5f0d0-a5c5-4c2b-8a5d-6052440b0595,2257.0,no_deposit,65.69,2025-09-21 01:40:48.510653,2025-09-27 01:40:48.510653
fcf34719-1370-4f52-969c-f2b133841129,2261.0,match_deposit,66.08,2025-06-01 03:21:38.900433,2025-06-09 03:21:38.900433
2c14079c-2242-43b4-b0d1-8b103f84c063,2263.0,free_spin,23.71,2025-10-01 11:13:47.419996,
2451505a-e587-431c-8b36-77514423bf38,2265.0,no_deposit,3.89,2025-07-02 04:09:32.182462,
1f253f77-e397-45b0-b4b7-41cc30e18e8e,2277.0,no_deposit,16.71,2025-10-05 09:09:12.373636,2025-10-13 09:09:12.373636
4863c2c5-9ca9-4dec-97ae-ee46e262412c,2293.0,no_deposit,92.7,2025-05-10 19:11:58.416020,2025-05-17 19:11:58.416020
b74769cb-f539-4702-832c-0b6a870abe00,2312.0,match_deposit,40.89,2025-10-12 14:15:45.954480,2025-10-18 14:15:45.954480
d7e32e1b-c9f0-40d3-82cf-770ac3d444cc,2313.0,no_deposit,118.4,2025-09-21 08:47:14.062342,2025-09-23 08:47:14.062342
ba9fa530-d442-42bf-b0cc-4675504e9459,2328.0,,5.18,2025-08-01 02:29:29.484600,2025-08-05 02:29:29.484600
69e06def-6920-42a1-8e09-179311c52697,2338.0,no_deposit,12.97,2025-10-17 03:48:11.816279,2025-10-24 03:48:11.816279
fba22893-0287-4afd-b82c-9cf672232b69,2368.0,free_spin,96.06,2025-09-12 21:58:08.486134,
6a1c2310-9708-4053-815a-eb64805c1bee,2378.0,cashback,24.62,2025-10-02 19:13:14.276613,2025-10-09 19:13:14.276613
e8f962b0-3417-486a-b2ae-bacba3f4945a,,marketing_offer,0.0,2025-10-07 19:13:14.276613,
aaf98e1e-1bed-4cb4-9211-f2a258d1e51c,2390.0,cashback,105.31,2025-05-12 05:32:00.131123,2025-05-19 05:32:00.131123
d7a9190d-73dc-43c8-bef1-ddb269bfeed4,2391.0,free_spin,135.95,2025-07-16 03:12:03.281577,2025-07-26 03:12:03.281577
eef11cfa-ab39-4eb4-b75d-a51e38ee77b7,2392.0,match_deposit,139.91,2025-05-25 20:45:53.835497,2025-05-27 20:45:53.835497
22fcb685-633b-40e6-b26b-19b198a7d0bc,2396.0,free_spin,46.84,2025-09-18 03:58:52.067835,2025-09-18 03:58:52.067835
9b89926f-6e58-4735-ba75-1ab4e71e14ba,2407.0,free_spin,47.51,2025-07-04 19:28:09.947613,
4fda6eb9-e59e-4e3f-9596-3550d8b4ed83,2419.0,no_deposit,99.81,2025-10-13 08:27:26.153129,2025-10-13 08:27:26.153129
99f8af7e-bc5e-49b5-962f-0d3a5c446dbb,2420.0,free_spin,234.85,2025-09-10 05:18:34.247580,2025-09-12 05:18:34.247580
2a3a5dab-6774-4dc7-87b5-e6865ed667c0,2421.0,match_deposit,68.81,2025-07-14 16:42:37.900420,2025-07-16 16:42:37.900420
5afac6fe-334b-482c-b524-bcc9fcb91a0a,2431.0,free_spin,101.57,2025-07-07 06:17:36.630875,2025-07-10 06:17:36.630875
fbd57741-0127-4a12-b45e-014b9dad167f,2438.0,match_deposit,57.43,2025-08-12 23:33:05.173066,2025-08-20 23:33:05.173066
1ecb746c-5bec-44b1-90c6-343b2ee065ce,2443.0,no_deposit,28.36,2025-10-17 11:09:13.018658,2025-10-22 11:09:13.018658
36aa8141-a2de-4fd2-8023-10dc8ca41741,2449.0,match_deposit,144.29,2025-07-31 15:28:13.012641,
e0bf6a84-e708-4f6f-a821-585ba121340d,2452.0,free_spin,57.29,2025-09-27 06:04:22.018883,2025-10-05 06:04:22.018883
442d17e3-4918-456d-b220-704db919be6e,2452.0,marketing_offer,0.0,2025-10-02 06:04:22.018883,
e2208de5-d754-4854-ac9d-9f4e58dfa126,2455.0,match_deposit,33.07,2025-07-22 16:20:11.987610,2025-07-30 16:20:11.987610
48d4c94b-8577-446a-956a-35905cbe4e2e,2459.0,match_deposit,67.24,2025-05-07 08:12:49.327457,
b93938ef-754b-4193-800d-9b6b2ff0b6b2,2459.0,marketing_offer,0.0,2025-05-09 08:12:49.327457,
0637aadc-8f7b-48ea-a6a7-9c5c23fcf91a,2460.0,no_deposit,104.49,2025-08-30 19:19:41.662067,2025-09-08 19:19:41.662067
30f07b72-5853-4719-a558-482830bd32d9,2471.0,cashback,42.58,2025-10-05 13:03:35.182927,2025-10-08 13:03:35.182927
bda6b570-6666-4699-9044-c1833092b806,2479.0,free_spin,36.18,2025-05-08 15:05:28.037766,
6c9ecd4e-9cb0-4b19-948e-f4c7520b8027,2482.0,no_deposit,140.45,2025-05-14 21:51:24.433278,2025-05-17 21:51:24.433278
015f6f4b-6e09-4c11-afe5-fb22df5433bf,2484.0,cashback,56.36,2025-07-28 12:45:13.812264,2025-07-28 12:45:13.812264
f9259f8a-0497-4550-8860-0cfc4616e9c0,2484.0,marketing_offer,0.0,2025-08-03 12:45:13.812264,
f1618db4-ca27-4396-8572-304216be8e8c,2485.0,no_deposit,36.58,2025-09-12 16:16:01.462219,
e238da7c-7174-4a7f-abe6-2516fe09c386,2488.0,match_deposit,21.56,2025-10-08 19:17:35.212472,
ed8b1da7-4ff6-4756-b276-806096e35cc2,2489.0,free_spin,22.46,2025-06-07 01:40:47.034119,2025-06-09 01:40:47.034119
2d9277cd-edeb-4861-bfc3-abf20e05476f,2495.0,cashback,139.12,2025-08-29 12:27:42.046502,2025-09-04 12:27:42.046502
fa2c64c3-d498-4706-953c-6e2ed5049f32,2511.0,free_spin,69.2,2025-09-22 04:47:19.633261,
8e4c7a63-0013-465e-a4d2-6a4b0a4dfb17,2513.0,free_spin,5.51,2025-05-21 08:45:17.236542,
749da0de-8fa6-4d2a-9ac5-4a216b7897b1,2515.0,free_spin,112.67,2025-10-17 22:56:10.196309,2025-10-26 22:56:10.196309
b536471d-bab8-47fc-b978-02ae907859f6,2520.0,no_deposit,98.03,2025-07-23 12:35:44.030802,2025-07-28 12:35:44.030802
08a47dc6-25ec-4315-8c2b-990f17753c9e,2523.0,no_deposit,108.47,2025-10-11 16:21:08.415191,
a43d857e-bee0-438e-9a94-bdc2eca06158,2525.0,free_spin,107.83,2025-10-18 06:13:18.878859,
897c13fa-a048-48f8-825b-78e0e7cf090c,2542.0,match_deposit,10.4,2025-07-17 07:52:28.408143,2025-07-18 07:52:28.408143
13d55415-083b-4c80-9dcf-1607b8c40e39,2542.0,marketing_offer,0.0,2025-07-21 07:52:28.408143,
34b85b03-b42f-4597-9fc9-c3a79ca728c6,2572.0,no_deposit,129.22,2025-08-05 17:25:01.360294,2025-08-07 17:25:01.360294
a8af8d1e-9a7b-4fe8-b38c-fb70a61d4df7,2579.0,no_deposit,128.97,2025-09-08 00:35:41.371852,2025-09-14 00:35:41.371852
db198e22-f483-437d-b721-2fc13624d579,2591.0,free_spin,118.8,2025-06-07 06:59:20.082457,2025-06-08 06:59:20.082457
3eb7090b-6132-488e-b5ef-5f2f9fa8a492,2594.0,match_deposit,23.68,2025-08-01 14:42:12.819733,2025-08-05 14:42:12.819733
59478a1f-2bae-4dbf-84d2-8d3a652e1abc,2604.0,match_deposit,38.84,2025-07-20 21:52:14.013773,2025-07-23 21:52:14.013773
54e9de2d-23a8-4785-a260-3b2bc659ebc7,2608.0,match_deposit,80.99,2025-05-21 20:50:29.956506,2025-05-27 20:50:29.956506
f31d19ce-8446-457b-9745-e9c32849895c,2614.0,free_spin,23.18,2025-06-07 13:10:12.577226,
04548d7a-a491-47b1-b158-630f8efafc59,2615.0,free_spin,69.28,2025-06-04 09:47:10.002743,2025-06-06 09:47:10.002743
2bc3a8ec-a963-4998-bece-8043b7fe00e4,2616.0,match_deposit,122.46,2025-07-22 12:26:42.864739,2025-07-28 12:26:42.864739
a6ce1b25-2514-4823-95b6-3c916769c452,2616.0,marketing_offer,0.0,2025-07-29 12:26:42.864739,
e3771fe4-c9a6-4d47-8ed1-3fdcef7255d9,2618.0,cashback,88.27,2025-07-31 23:33:57.438155,2025-07-31 23:33:57.438155
c98d257c-5917-4499-9277-aa343a89a985,2622.0,free_spin,5.24,2025-04-30 23:36:34.203144,2025-04-30 23:36:34.203144
42d2c300-756c-4f44-8e86-93566f6301a0,2631.0,match_deposit,27.65,2025-09-08 00:33:28.036346,
53a035d3-ad8c-404d-bbea-d59daf4801cf,2640.0,cashback,80.26,2025-08-28 03:46:14.264148,
bca67710-07fa-45a6-b1cb-0b37cd64c85b,2641.0,free_spin,84.45,2025-08-27 04:37:26.933129,2025-09-03 04:37:26.933129
fda5cd76-dff1-4270-bc20-4d038752269a,2648.0,cashback,103.3,2025-10-13 09:45:56.676954,2025-10-21 09:45:56.676954
4209941d-868a-4107-b46f-d3f15f271c6a,2649.0,cashback,103.17,2025-05-30 20:44:39.560689,2025-06-03 20:44:39.560689
a740cad1-df95-4fe9-8fa3-03b93fceee13,2651.0,match_deposit,18.24,2025-04-29 18:35:57.952957,2025-04-29 18:35:57.952957
4f7a99a3-00d1-4021-8cf1-4a02b60af8b3,2660.0,cashback,132.12,2025-05-17 17:13:40.499336,2025-05-18 17:13:40.499336
00235836-c32e-42ba-8b81-66fc41a6b428,2662.0,no_deposit,44.7,2025-06-25 04:53:27.060824,
d236bcaf-79ae-4142-8d8a-312718d8ce03,2680.0,match_deposit,91.94,2025-05-21 04:06:27.431606,2025-05-24 04:06:27.431606
15839174-cb22-49ad-a0be-d4e4010ffd7d,2680.0,marketing_offer,0.0,2025-05-25 04:06:27.431606,
f4abec46-f07f-4c89-a55a-823d10e7ab5d,2683.0,no_deposit,51.72,,2025-06-07 14:53:52.213440
96feeddd-bae9-4f82-a9f5-7dd6620d7786,2689.0,free_spin,47.81,2025-07-11 13:15:05.036800,2025-07-15 13:15:05.036800
fd3d8c69-5f67-4794-8148-00738f51bc74,2696.0,cashback,50.92,2025-09-13 11:11:56.623559,2025-09-16 11:11:56.623559
fd270c65-b158-40f9-bfb3-b83a8f19ce62,2701.0,free_spin,117.36,2025-07-02 15:51:05.838953,2025-07-04 15:51:05.838953
d29a939b-0e8b-40a9-ad5e-7b7610d91119,2704.0,free_spin,124.31,2025-06-20 21:43:36.171035,
40090714-ddff-4cf8-8ee1-9cc6bc708499,2733.0,free_spin,194.23,2025-07-20 01:30:04.819940,2025-07-25 01:30:04.819940
7ec0fef3-b2ec-4472-adda-cbe29a68aa9b,2742.0,match_deposit,65.91,2025-05-13 03:23:43.362092,2025-05-19 03:23:43.362092
5ba0d2e7-1317-45fd-8187-1db66673f10f,2746.0,match_deposit,132.9,2025-09-13 04:39:18.420875,2025-09-18 04:39:18.420875
3ac37475-a0e0-4b00-87a9-b045295fab78,2746.0,marketing_offer,0.0,2025-09-19 04:39:18.420875,
0665f4d2-7dc8-47ad-b7bd-c027893b3f4b,2748.0,cashback,54.07,2025-10-13 19:02:52.255776,2025-10-15 19:02:52.255776
7c67ead9-9438-4767-bda3-b4b06195960f,2751.0,free_spin,47.72,2025-10-19 06:43:08.440633,
25fb45dd-38bf-49a6-a528-cc6b12d88331,2790.0,free_spin,51.78,2025-07-04 14:43:34.907456,2025-07-08 14:43:34.907456
e1db7d8c-49f9-49f6-b6b9-f033a85b4668,2802.0,cashback,133.09,2025-06-07 19:36:48.853245,
ee77fc60-12b4-4d3c-8d79-6000851dbe94,2803.0,free_spin,74.69,2025-10-01 05:56:34.423943,2025-10-08 05:56:34.423943
2b100b7e-31a7-4c57-bd9f-a806b7f34de7,2809.0,free_spin,170.47,2025-07-30 23:17:13.058131,
3ed32f4c-d320-41a4-bb57-67c9fd4b5914,2815.0,cashback,49.73,2025-06-17 09:01:30.063441,
0e316ba9-e272-415e-b7c2-db9e7d82cb20,2817.0,cashback,161.7,2025-05-12 08:54:38.268087,2025-05-21 08:54:38.268087
16eac9d9-3840-4258-9648-bb628feb8d75,2822.0,match_deposit,151.27,2025-10-18 20:51:59.202068,
32a10fae-3e63-4692-8575-f93805ba6948,2823.0,free_spin,143.69,2025-10-12 03:33:56.574835,2025-10-16 03:33:56.574835
a52c3032-deda-421a-92cd-4b6764302439,2836.0,no_deposit,8.78,2025-10-20 08:24:38.752014,2025-10-27 08:24:38.752014
5427f161-2026-47fc-af5a-9eb306cf3211,2849.0,cashback,36.84,2025-06-19 13:41:35.034482,2025-06-25 13:41:35.034482
6302f33c-18aa-49db-ad9e-c9ab0e35f58f,2867.0,cashback,115.37,2025-09-19 16:14:16.431685,
272185ba-b088-4ce3-8d8a-dc048c55371e,2871.0,no_deposit,54.38,2025-06-09 08:08:34.753719,2025-06-13 08:08:34.753719
36940190-7fc9-42ab-a201-e15639d8ffa5,2881.0,no_deposit,131.75,2025-07-02 20:15:38.222980,2025-07-05 20:15:38.222980
b62160eb-8435-44f3-adcf-18b0e6c8e735,2885.0,no_deposit,81.35,2025-07-10 17:03:43.813008,2025-07-16 17:03:43.813008
2f500dad-c3be-45d5-974b-5fd11693c9a4,2886.0,match_deposit,81.91,2025-08-22 05:18:27.420831,
f3cb35a8-e4e0-4936-aeab-2be1d63e0b3a,2918.0,cashback,100.52,2025-08-28 11:06:05.064864,2025-09-01 11:06:05.064864
bf60337e-2a6c-4e37-bea0-7e9cbca822c4,2920.0,match_deposit,20.88,2025-08-18 08:54:53.587074,
242b727d-0ba6-4ec7-b95b-64ac6ec3a8ca,2924.0,match_deposit,63.2,2025-04-27 06:52:06.928341,2025-05-07 06:52:06.928341
fc19f2be-ac05-43cf-bb34-c59afb12bc0a,2925.0,no_deposit,103.83,2025-08-07 14:36:07.548457,
bb2dbf61-def8-48ee-b21f-511dea5f08b5,2926.0,cashback,50.71,2025-09-18 10:21:40.184321,
85f41892-392f-4f70-a65b-f29046ebd524,2938.0,match_deposit,81.71,2025-07-25 10:12:40.634396,
0aba4e98-3d7f-48a5-ac66-d4f9e6b53d84,2941.0,match_deposit,87.44,2025-07-14 21:28:22.312842,2025-07-17 21:28:22.312842
75de4c69-a44a-408c-b603-e1253e73f4eb,2960.0,free_spin,86.53,2025-05-28 17:50:13.057942,2025-06-05 17:50:13.057942
29929450-3286-45f8-9e82-ccbbd6ce95be,2984.0,cashback,83.57,2025-10-14 09:26:27.927411,2025-10-21 09:26:27.927411
fe45d946-178c-42a9-a773-9c7c48d85f4d,2999.0,no_deposit,96.39,2025-06-26 09:45:41.726106,2025-06-27 09:45:41.726106
bd8095ee-98a3-4603-b2d1-7390dacf64b5,3006.0,free_spin,130.75,2025-09-18 23:11:34.811477,2025-09-25 23:11:34.811477
95e5c5b3-31ae-4d9b-9de4-87933335f4b0,3008.0,cashback,118.87,2025-10-20 16:21:19.766296,2025-10-29 16:21:19.766296
6ed6a638-eba4-4fc6-abfb-eb84bc8ab4bd,3010.0,free_spin,13.27,2025-09-23 22:55:11.164786,2025-09-24 22:55:11.164786
c2401e98-028a-4b3a-b4fa-21e03c70bd7e,3034.0,free_spin,13.75,2025-06-22 23:41:26.834568,2025-06-26 23:41:26.834568
ffb055bb-e226-4e0f-8bd8-890aaa6b6156,3037.0,match_deposit,22.43,2025-05-19 16:23:15.175856,2025-05-24 16:23:15.175856
aa94be32-4f5a-4a5a-b902-c26188a9ea98,3059.0,match_deposit,28.76,2025-09-26 22:35:15.875320,2025-09-29 22:35:15.875320
5ee3bc5f-98a1-4d50-b6ad-77830d2fec85,3061.0,match_deposit,216.94,2025-08-19 12:03:21.190655,2025-08-28 12:03:21.190655
adde2f56-ef7c-455e-a9aa-e4e577697f0d,3063.0,match_deposit,93.18,2025-06-09 18:31:56.550633,2025-06-15 18:31:56.550633
e8475c28-d475-457e-b6bb-022784b43794,3075.0,cashback,103.35,2025-06-17 20:30:22.000561,2025-06-24 20:30:22.000561
c7e78b55-5f94-459c-8e1e-8dc841f7185e,3075.0,marketing_offer,0.0,2025-06-24 20:30:22.000561,
1c1ef3d5-1fb5-4f3f-9159-bad5b2fcf55e,3079.0,free_spin,,2025-10-15 08:06:00.274090,
ab74ace0-5c65-4a53-896f-52b6653a8c27,3088.0,match_deposit,7.36,2025-05-09 00:58:11.938687,2025-05-16 00:58:11.938687
532d2be4-a36f-467a-b132-8491fcefe22e,3097.0,no_deposit,0.89,2025-08-09 02:17:30.556250,
aef4740f-1296-4742-a1e9-63b155dcb056,3099.0,match_deposit,106.26,2025-06-12 10:30:47.304889,2025-06-19 10:30:47.304889
6e6cff7c-d69b-4b46-bbad-8597ad5ae4d5,3101.0,,111.15,2025-07-23 07:50:30.213666,2025-07-31 07:50:30.213666
1cba27c4-f798-43e6-b328-d81b44a3e834,3107.0,no_deposit,44.17,2025-08-05 04:50:04.637064,2025-08-13 04:50:04.637064
59e0354d-9d8c-4e13-a2f3-c030a6d4bea4,3120.0,cashback,178.58,2025-07-12 21:00:41.132116,2025-07-12 21:00:41.132116
20162236-e4d7-4530-b80b-fe5d27f82a42,3128.0,cashback,82.15,2025-06-19 07:21:37.080805,2025-06-27 07:21:37.080805
0461e3b8-e434-463e-99e1-bb8a31f8f735,3148.0,no_deposit,77.26,2025-06-17 20:26:30.361837,
efd1972d-132b-47b2-adcb-8cb36b05123d,3157.0,match_deposit,84.91,2025-07-10 12:03:41.052999,2025-07-15 12:03:41.052999
f3dad1e1-b31a-4693-a152-95cb0ce530d6,3176.0,match_deposit,30.41,2025-08-16 19:00:32.178446,2025-08-25 19:00:32.178446
e96f0c0a-0742-40d8-939f-05d23958aa31,3188.0,no_deposit,124.61,2025-09-01 23:17:23.373304,2025-09-06 23:17:23.373304
b30a5dd3-248f-49e5-8e48-6a50035126e9,3191.0,match_deposit,5.28,2025-09-10 09:20:31.688736,2025-09-13 09:20:31.688736
3c1311b9-1697-4b39-8c49-5705399d7ebe,3192.0,no_deposit,67.09,2025-09-03 04:47:15.822195,
f68e877a-4502-4369-9419-f6bb1e3ae9ca,3200.0,free_spin,7.46,2025-07-15 22:27:48.755269,2025-07-18 22:27:48.755269
e3498d3b-7857-4ba5-9c7c-bfbc592a273a,3225.0,match_deposit,16.62,2025-06-20 13:40:08.031475,
cfbea157-87f2-4147-8f7f-8bb887b96a7f,3226.0,free_spin,5.14,2025-10-17 01:39:12.675485,2025-10-17 01:39:12.675485
79724fad-38a1-4658-a872-b646dcb028f9,3229.0,cashback,138.35,2025-07-15 18:00:46.231534,2025-07-21 18:00:46.231534
c8fb15c0-066c-4852-b884-0b8ccefa99e3,3229.0,marketing_offer,0.0,2025-07-18 18:00:46.231534,
c21b9bc3-203c-4310-b2de-14308da97086,3231.0,match_deposit,123.59,2025-07-05 22:45:23.192871,
aacd7075-ce49-4ce8-a728-9d2a12e1a586,3234.0,no_deposit,160.39,2025-08-03 08:40:27.681435,2025-08-08 08:40:27.681435
670c390a-21cc-4f62-9a4f-335f2b300815,3236.0,no_deposit,78.37,2025-08-13 19:44:46.717936,2025-08-23 19:44:46.717936
69f1c074-a246-424d-b09b-07c71a21e371,,no_deposit,150.1,2025-10-01 21:16:32.602063,
f8f796f6-0de5-4b52-86b9-75d2b2f7a91e,3242.0,free_spin,35.29,2025-07-18 22:55:05.897389,2025-07-23 22:55:05.897389
b52aae96-fe95-45f2-bf04-ddf257fcb57c,3256.0,free_spin,39.3,2025-10-02 00:24:52.496715,2025-10-05 00:24:52.496715
b0c69dd6-bfd8-4980-b224-89a6cf1d0eff,3257.0,cashback,88.51,2025-10-11 05:57:01.967655,2025-10-17 05:57:01.967655
5fbbf685-8611-478e-a9a0-f2d406e981f3,3274.0,free_spin,44.13,2025-08-17 05:11:50.257360,2025-08-27 05:11:50.257360
6eeaffc7-0b9a-4727-b36d-e329ca0e3522,3288.0,free_spin,57.15,2025-07-05 15:15:29.448629,2025-07-09 15:15:29.448629
bb60d623-1717-4fb5-b2db-934b748e1353,3296.0,match_deposit,33.45,2025-07-09 17:29:26.390770,2025-07-11 17:29:26.390770
df3c861c-55bb-404d-9760-2d4415f47f8d,3302.0,match_deposit,128.24,2025-07-10 03:24:31.708771,
4fb63e2a-0987-473f-aa54-815499258f16,3315.0,match_deposit,78.7,2025-06-22 09:51:48.731038,2025-06-27 09:51:48.731038
b2191efd-787c-4f02-904a-ea33da7820f7,3321.0,free_spin,90.95,2025-09-06 09:41:32.093086,2025-09-07 09:41:32.093086
9fe5c6e4-a881-450b-af6c-61126c5edbb8,3331.0,free_spin,4.16,2025-05-14 23:23:05.911184,2025-05-17 23:23:05.911184
e285b28b-3cf6-4441-b29a-ce2abb36810f,3336.0,free_spin,45.39,2025-09-02 14:03:09.734589,2025-09-12 14:03:09.734589
d385d7eb-c15f-4be5-9ebd-380391b2d283,3355.0,no_deposit,58.83,2025-05-22 23:14:35.171395,2025-05-28 23:14:35.171395
5f024a2f-f4a1-4ed3-b35b-ad578d6d7dea,3358.0,no_deposit,110.43,2025-07-16 06:19:27.880434,2025-07-16 06:19:27.880434
d21674d9-d533-4616-aa02-2c7a43138302,3363.0,cashback,2.23,2025-05-23 13:23:05.449783,2025-05-31 13:23:05.449783
e2ee2c39-eda9-4b92-b14b-b59e1691b348,3365.0,free_spin,94.3,2025-09-08 14:38:40.821260,2025-09-11 14:38:40.821260
41446dbb-20d7-4929-ae7c-13ff262f282c,,marketing_offer,0.0,2025-09-15 14:38:40.821260,
aa3e3108-2cc2-44bd-9185-368dcb676a48,3373.0,no_deposit,140.22,2025-07-26 11:00:27.148784,
789af2d9-f1df-4ed7-a690-99126458c432,3387.0,cashback,101.01,2025-06-20 08:22:48.884257,2025-06-24 08:22:48.884257
be99a1f0-d12a-4e40-9349-a6b8ded620a2,3392.0,match_deposit,126.35,2025-09-23 17:25:54.824885,2025-09-25 17:25:54.824885
ebcdc903-0a78-4390-a5f2-8c8047921121,3396.0,free_spin,125.15,2025-09-17 04:22:42.698460,2025-09-17 04:22:42.698460
66381f6f-e818-4823-97aa-ff8cb4df022b,3408.0,free_spin,72.34,2025-07-30 05:13:17.081436,
86d45bdf-c75c-4af0-bca6-536cabd2aefe,3413.0,free_spin,187.94,2025-08-07 13:14:28.199151,2025-08-11 13:14:28.199151
7d5088a8-4642-4eb4-90c5-7b14f375d16e,3415.0,cashback,104.17,2025-09-26 11:39:57.466245,
1b9d76c2-e5d6-478a-be8a-65d0b10d4cc5,3436.0,free_spin,66.19,2025-05-03 18:15:13.619829,2025-05-08 18:15:13.619829
eb0b835e-f6c1-4565-8b97-013a2cd5481a,3436.0,marketing_offer,0.0,2025-05-09 18:15:13.619829,
07c2d672-bfbb-49fc-bc96-a0da34f3246d,3446.0,cashback,100.24,2025-10-10 03:12:23.528824,
a48b344c-e148-48ab-b9b4-2ff874c88005,3447.0,no_deposit,4.07,2025-06-09 17:47:30.768633,2025-06-10 17:47:30.768633
5d2cb80e-98e7-47b1-a53f-56dfcc72c18c,3450.0,no_deposit,33.67,2025-08-27 06:31:10.393428,2025-08-27 06:31:10.393428
4017b2b8-0efe-4ea2-aef0-227e3a3543fe,3451.0,no_deposit,73.72,2025-09-26 02:58:21.408437,2025-10-03 02:58:21.408437
6dcb4cff-dbd1-4269-ae87-9f7c33e0f1bc,3472.0,free_spin,146.36,2025-05-08 21:35:57.159626,2025-05-17 21:35:57.159626
25cf1b3a-cbcc-4270-88f6-c52acc2310f8,3486.0,no_deposit,118.23,2025-10-11 17:44:30.200294,2025-10-19 17:44:30.200294
b52c0933-ef69-4d5f-a606-57106d88e491,3487.0,free_spin,167.99,2025-07-03 18:25:55.386074,2025-07-05 18:25:55.386074
5691b272-45cc-4a4c-b53a-375c27fb9a4a,3491.0,match_deposit,26.16,2025-10-17 11:22:06.063754,2025-10-21 11:22:06.063754
f7e2ba1d-af68-4b60-aebc-20c0b0ac349c,3493.0,free_spin,82.78,2025-10-11 17:01:45.750184,2025-10-19 17:01:45.750184
112f435d-e3e9-481b-bf63-2c23e7694855,3495.0,free_spin,118.54,2025-05-26 07:23:37.616488,2025-05-29 07:23:37.616488
,3497.0,no_deposit,117.1,2025-06-11 12:35:08.043013,2025-06-20 12:35:08.043013
08c6b152-8255-480c-a10b-3ce09ce67478,3532.0,free_spin,119.26,2025-07-20 18:33:45.970872,2025-07-23 18:33:45.970872
a1e79cc9-c9be-4474-a54a-f446d6fce3b1,3534.0,match_deposit,38.65,2025-09-26 18:53:28.540147,2025-09-27 18:53:28.540147
4bcd8788-0981-4b2f-9ba0-ecc6d759af95,3538.0,free_spin,33.07,2025-08-29 09:23:47.100477,2025-09-06 09:23:47.100477
5aacf5ca-5d9d-4d37-b168-118d6992b2e3,3550.0,cashback,104.75,2025-06-06 12:35:20.560247,
15870398-c998-4ac5-9955-4dfe172958c0,3550.0,marketing_offer,0.0,2025-06-11 12:35:20.560247,
b5656567-1e8b-4867-89d0-7ffb382713e5,3561.0,cashback,117.13,2025-05-09 14:20:48.498393,2025-05-19 14:20:48.498393
b8162c26-fc89-4fb6-b2ca-80e9de674f20,3574.0,match_deposit,184.72,2025-08-31 04:42:34.901169,2025-09-05 04:42:34.901169
7bfe5148-b4cf-451f-b211-9974baaccfa6,,cashback,26.85,2025-08-21 08:09:18.836155,2025-08-30 08:09:18.836155
0c781322-2f4e-4cc4-b446-ebf232cc7548,3587.0,match_deposit,208.3,2025-10-09 03:06:06.050087,2025-10-10 03:06:06.050087
9b07d94d-2164-4030-a610-fe00f7dcddab,3591.0,cashback,53.01,2025-08-10 00:50:15.161901,2025-08-13 00:50:15.161901
129fe946-2166-4fd7-945e-2f85c8719d5c,3606.0,free_spin,70.79,2025-07-26 08:29:51.805486,
889e0ad8-34e8-4dfc-85a6-34a7599c2d85,3623.0,free_spin,172.12,2025-08-15 08:29:37.291779,2025-08-24 08:29:37.291779
d70a4dd6-d386-48fa-985c-43e186e5c398,3633.0,match_deposit,,2025-07-28 06:20:30.470898,2025-08-05 06:20:30.470898
f1541b37-5e26-4d87-bada-832ee4e19141,3637.0,no_deposit,15.25,2025-06-29 06:18:48.685369,2025-07-09 06:18:48.685369
1c13a54b-d586-41c6-ba46-9ec331cca53d,3678.0,no_deposit,29.12,2025-08-17 18:34:45.125156,2025-08-26 18:34:45.125156
9ab0a976-f898-4b9a-9835-b33cc34690c7,3681.0,cashback,3.98,2025-06-07 02:41:59.470463,2025-06-17 02:41:59.470463
0cdf7296-2a13-4e56-ba1d-146b646e3029,3687.0,cashback,119.3,2025-09-09 13:26:53.154234,2025-09-09 13:26:53.154234
ae63ecf9-2809-4594-b7ce-179e3482de19,3692.0,no_deposit,182.86,2025-07-15 15:55:02.228780,2025-07-15 15:55:02.228780
5df9c99b-9a7f-4886-a472-4a228f37b0ad,3707.0,no_deposit,114.21,2025-09-29 16:45:50.994704,2025-09-30 16:45:50.994704
ac16ff10-0f96-40fa-b61c-78d147825877,3724.0,no_deposit,33.79,2025-06-04 14:18:26.155556,2025-06-09 14:18:26.155556
68a88f3f-ff9e-4f50-8b14-942cc9556168,3731.0,match_deposit,96.44,2025-06-01 00:22:54.278520,2025-06-09 00:22:54.278520
dfcd0ddd-f539-4d22-a076-e3000f34d42d,3737.0,match_deposit,217.32,2025-10-08 13:26:55.913193,2025-10-09 13:26:55.913193
65aacddd-26cd-406c-9d0a-c6e2b7e378c8,3745.0,cashback,128.3,2025-06-12 00:45:50.662114,2025-06-17 00:45:50.662114
cf265088-5121-44a1-9407-b25cb676b20a,3756.0,no_deposit,57.86,2025-08-23 18:59:26.586478,2025-08-24 18:59:26.586478
d29240c6-f29e-4dee-80bd-1f02369c173e,3769.0,cashback,14.35,2025-05-29 01:26:17.574077,2025-05-30 01:26:17.574077
83d0c3a3-2eed-4de6-96bc-d5d0c4b5b8fc,3770.0,match_deposit,24.77,2025-06-27 23:14:33.405063,
504087e1-9d95-4286-b6c1-10fd50698f7f,3772.0,match_deposit,60.59,2025-04-26 18:12:56.928762,
07d4c9a8-e820-4aec-9a5c-23fcc653aee5,3773.0,cashback,95.83,2025-09-20 02:40:12.389488,2025-09-22 02:40:12.389488
aa1f9430-ad33-43a3-b14c-210bb90966c4,3780.0,cashback,78.5,2025-10-23 01:56:51.238773,2025-10-26 01:56:51.238773
93a48abb-f3e9-4f3c-b1c1-ab3c2a3a0ffd,3797.0,match_deposit,169.92,2025-06-01 22:27:00.404584,2025-06-04 22:27:00.404584
c8c8f959-f76c-404e-9c0d-15362b7a4511,3805.0,cashback,112.87,2025-06-13 00:43:53.667905,2025-06-22 00:43:53.667905
75b95cd0-9062-43e0-b8b0-6f754e0302af,3818.0,,177.52,2025-06-06 19:16:11.085223,2025-06-12 19:16:11.085223
e19ead1d-82d2-4470-bbea-a732852a0ac5,3827.0,no_deposit,114.95,2025-09-09 02:49:42.053305,2025-09-18 02:49:42.053305
700b5a93-b314-40e2-bbee-83660eaab5c3,3850.0,match_deposit,173.73,2025-07-27 15:56:48.884252,2025-07-31 15:56:48.884252
7a7d1b8c-1dc4-47c5-97dd-7de1157d86cc,3858.0,free_spin,120.02,2025-07-25 04:35:47.922655,2025-08-03 04:35:47.922655
22bf46a2-1435-4da3-b5d6-3e4b7bffc963,3876.0,free_spin,115.34,2025-09-18 16:21:36.899710,2025-09-20 16:21:36.899710
c7cacc5d-f155-4e65-8c62-57fe55965821,3877.0,free_spin,13.07,2025-09-14 01:47:04.185847,2025-09-18 01:47:04.185847
9d0c3a0d-9bcf-49ed-8559-84905dc9de45,3890.0,no_deposit,100.36,2025-07-23 12:17:49.866170,
19725e7c-2ae0-4f0e-a9d4-96647af58fad,3905.0,cashback,100.55,2025-05-07 17:26:26.771063,2025-05-10 17:26:26.771063
e4dc28c9-87a5-434f-94a2-ace05d1d5c9f,3907.0,no_deposit,153.92,2025-06-04 05:54:48.105275,
606a6e66-3f67-4c49-be14-b1dd77574e77,3910.0,no_deposit,42.11,2025-05-29 16:02:23.094783,
900aa14f-8fda-47d7-83eb-9b68b27cf28f,3918.0,free_spin,118.76,2025-08-28 17:23:18.399685,
76960cbe-344f-41b7-ad03-a0501fce7f34,3920.0,cashback,73.36,2025-05-24 21:45:32.632586,2025-05-29 21:45:32.632586
af6861c9-670d-463b-b65c-f4335080aeb6,3925.0,free_spin,96.47,2025-10-17 12:06:42.311404,
6291215b-4867-4c1a-9c7e-fe980df320cc,3927.0,match_deposit,33.14,2025-05-07 09:26:59.316156,2025-05-09 09:26:59.316156
94ffced7-a3d6-4839-be33-862086ca0613,3928.0,no_deposit,79.5,2025-05-17 00:44:06.789676,2025-05-17 00:44:06.789676
c9318b4c-a65d-4e09-a3a3-2ee0335deaa7,3945.0,match_deposit,3.4,2025-07-10 19:16:19.950601,2025-07-15 19:16:19.950601
542acfa0-e6de-499d-9e24-f4cc19b353b3,3951.0,cashback,9.63,2025-08-03 15:05:22.242742,
b28a13b2-5a02-4ec2-bfb2-2a9f09fa70a6,3958.0,,73.9,2025-08-23 09:19:26.713926,2025-08-24 09:19:26.713926
455a6ef0-958e-47d8-bf7a-4b393e016777,3990.0,free_spin,141.08,2025-07-08 23:14:23.846167,2025-07-08 23:14:23.846167
44fcc334-cd88-4e13-8a28-8945c50b64c8,3998.0,no_deposit,51.03,2025-07-02 05:36:23.210203,2025-07-06 05:36:23.210203
